company_name,contract_mrr,tenure_months,contract_tier,days_since_last_login,usage_change_pct_30d,active_user_ratio,api_calls_monthly,open_p1_tickets,avg_resolution_time_hrs,nps_score,csat_score,payment_failures_past_quarter,days_until_renewal,auto_renew_enabled
Acme Cloud Infrastructure,28500,36,Enterprise,2,14.5,0.88,45000,0,4.2,9,4.8,0,240,1
Starlight Media Corp,19200,22,Enterprise,8,-24.5,0.48,18500,2,26.5,4,2.9,1,45,0
Apex Global Logistics,34000,48,Enterprise,1,8.0,0.92,62000,0,5.0,10,4.9,0,180,1
Nexus Cybersecurity Systems,22500,18,Enterprise,3,-8.2,0.74,31000,1,14.0,7,4.1,0,90,1
Horizon Fintech Labs,16800,14,Professional,12,-32.0,0.41,12000,3,38.0,3,2.4,2,30,0
Vanguard Health Analytics,26000,29,Enterprise,2,6.5,0.85,38000,0,6.8,8,4.5,0,310,1
Pinnacle Retail Omnichannel,14200,11,Professional,6,-15.8,0.62,15400,1,18.2,6,3.6,1,60,0
Quantum Robotics Corp,41000,42,Enterprise,1,22.4,0.95,78000,0,3.8,10,5.0,0,150,1
Orbital Data Fabric,18900,19,Enterprise,4,-5.0,0.78,24000,0,8.5,8,4.3,0,120,1
Zephyr Communications,11500,8,Standard,15,-28.4,0.36,9500,2,31.0,4,2.8,1,40,0
